primaryID,balance
2592055,5540
524611,2500
22725035,201
22823384,346
23061107,2274
100672,30000
24155021,2000
22468814,97
3424171,11932
3760616,15011
23337551,4000
5339482,3614
3480687,4031
21604057,22
23867791,593
8273611,5000
3764973,1633
26116266,10000
116754,10380
13888863,5000
2461152,1958
23964695,1563
9406869,37508
118602,60000
2250717,18033
5647307,52499
24619200,5964
23816047,354
5365830,1040
28770340,2131
22834630,33982
24871008,10000
2526517,20000
23300214,388
19210826,5000
22670197,3900
688986,20000
14871191,82
1605761,28000
22162267,3560
18475908,83
1231009,20000
2348492,638
3600407,158
23075173,1260
21040272,1161
18258817,5000
25020510,40000
26796661,83
125147,697
22806747,60
120296,78295
150482,9344
17101665,3554
2395020,24
22572329,40887
22490547,7500
17066459,30000
5428185,13795
24091906,2910
21668873,2479
12832252,581
23586874,1419
23678799,3800
24564094,162
10255338,90000
1291345,619
22664556,3900
534846,111
2012423,20000
16679573,3900
2048256,68101
178233,2975
23874257,66
23530801,5000
26790269,248
2596031,144
22266502,26
2750665,10000
8277590,2500
24275100,486
1986422,21000
18728599,5000
14543166,10000
16411639,50000
163543,12867
188333,5103
16493185,2500
2306381,40000
11950766,2500
23444179,1038
4383827,976
21964009,5286
17125579,435
23579199,10000
24372031,20854
4037325,60000
22219370,207
23624473,4596
14999528,63
104181,552
127017,5000
523902,17199
18663987,4
126060,64915
25680173,2959
22463653,10000
6085721,3949
22979917,5100
22240952,50000
2665268,13275
22250931,4000
23891864,12251
25730106,10000
8715692,3204
19202514,2500
13544877,3048
22810848,1000
105545,17
15003277,5000
4526249,2360
23358938,2500
25715514,2500
22062072,361
118448,20000
7261663,61
219744,597
21612965,5000
20687137,33929
7697106,1585
159335,3094
23793695,518
4249955,620
2460964,50000
6306352,56
11010508,2500
734707,50000
12555050,5000
23917877,7800
7068697,1000
5978311,2910
21883775,5000
5721232,861
2591404,574
22208341,2000
24016736,3486
2394502,20000
18528169,5000
123332,77233
10980188,7800
17066239,50000
22797833,1240
22460731,5000
1118521,4394
24386319,642
19745814,9750
11992323,1288
23624619,71
23958367,449
22769960,1388
17842232,25000
23546981,6582
11731481,1272
19259471,3935
4922492,23396
7690609,5931
21789353,1000
22993160,20000
13911917,17
6070468,464
23907951,380
19763852,3900
23033790,1370
18257091,10000
26474273,985
19410526,2138
18476059,2179
10085240,88
138933,38662
16443185,20000
2398309,3
21177111,1440
21609995,997
166819,11000
7014329,540
23621665,8000
26271556,5000
22469816,204
28214488,249
21840490,5650
26373709,2942
127556,33666
26967180,288
4798220,3739
21615807,437
22458736,1318
23215806,30550
21090838,5000
17362805,23
110176,42500
22532649,2169
22230787,4709
9259730,679
22498966,1991
5775700,20000
22097751,5000
21400327,5850
23390902,2487
23992824,2801
9385641,10000
7775427,213
126621,5319
103620,20000
22941948,5000
11615478,3900
109659,1000
2386086,40000
4083932,3900
3109312,42178
23276045,2699
4883439,11498
14695156,6258
17306050,4000
117744,40000
117469,32360
24571844,20000
26296973,898
23743986,13
20731034,2500
23065398,414
22616831,7500
22074387,17701
17072667,40000
14134596,2500
18496467,1566
18812142,80000
6874012,434
13907006,77
22933620,4000
816843,20000
24028150,60
13241480,40000
11606439,1000
20321150,14
16590116,5504
22944961,11700
6830909,10000
12384957,611
4766240,20000
21493967,9195
13507603,7500
21890021,527
24212560,73
3701218,6732
161091,40000
21822766,2312
22534121,288
119141,25000
18965488,2363
23386221,3933
24912447,40000
2040628,5000
23702049,844
11480558,7764
23541449,1489
13848740,125
106392,40000
7374639,9675
20635875,516
21907136,4000
23118627,370
16558553,2000
23334806,777
23450168,1372
525188,1120
1929364,40000
2039180,4276
145938,35453
4895334,17869
103884,17600
23261086,6000
22401334,140
130898,1726
8755570,1000
3007562,20000
26259195,922
28321610,953
24912342,40000
23820299,3063
5677697,46124
524512,2500
2808352,4634
112200,2545
102828,10000
12211981,3373
16388269,23742
11984898,2891
1172903,5467
17870477,10000
20552238,3780
18828830,647
22840082,3900
25887353,5000
1856543,3700
24125506,20
27985042,2334
24019979,2042
23674187,276
755062,10440
331666,956
21590269,80763
19109424,5000
21998137,2000
24090274,7800
21946277,18045
12757827,5000
10439151,2322
120879,20000
20824842,2000
25697427,48893
5124068,2500
9065081,10000
101607,72500
26212529,5000
119163,5530
6081570,5000
21513617,1563
13729131,779
22707756,7500
2031194,20000
8811017,224
2453902,15000
17475754,840
25701520,1518
27979312,1988
28710935,2500
574210,10166
22977659,5000
6310596,126
105721,20000
1377100,10000
23187637,354
10730911,1367
24266875,2993
19524476,5850
13044497,1266
3583336,60000
7432739,1000
27598569,6600
3596125,20000
102696,90000
2463711,40000
4898902,40000
630137,26
22123576,3252
24061516,2500
11139131,40000
8226001,158
5876725,1897
3499519,631
1242735,20000
244311,20000
24215509,1234
8102574,455
23871475,1138
4855692,27447
25170373,10000
573576,512
20514950,37
21432913,629
10079129,3931
25653109,2500
23088355,680
13501798,1384
17931010,100
110363,70000
11976637,2158
21999413,3000
23908296,3900
13760470,40000
14117269,2500
8463974,1294
22243233,2500
21906116,4000
4606384,20000
3317623,1419
3915955,8726
14042859,326
22813545,1000
22049634,3994
23086982,10000
137844,4931
13897431,1000
21549929,1000
11819805,20000
8179847,5850
7281984,482
26728730,676
24902644,80000
26257477,10000
23964216,3560
21535095,156
2565213,8591
23870618,522
22519792,2230
1062000,20000
24917110,5000
790713,7800
23944508,10000
7466227,5131
520700,30000
5083577,11061
26050599,10000
2529008,21000
125488,1301
2460493,19747
18970354,1879
24087412,1015
8048333,13359
26235157,2500
116435,18345
22814392,141
27848779,2243
21967794,10000
23910926,15600
1509317,27336
125521,95000
24842966,30000
1061986,10000
2530824,40000
12000690,1150
5870730,1982
23974451,519
3017717,1995
14909902,3117
20211075,1000
22990538,33
105842,20000
11329199,120
3256172,1000
1356364,15721
22532474,385
20383641,595
121231,81000
309677,677
26163634,5000
101068,20000
6352364,10000
14126721,1122
26253520,5000
22692721,2550
161430,50000
20709513,28314
795627,604
7077024,640
17071570,8293
22813212,7800
3243618,50000
4860287,8700
22219995,10000
24058399,408
26695417,1136
16829739,3900
2334953,20515
2038927,1569
2020644,50000
7624627,10000
10493777,256
3762437,6758
2454520,1078
2464750,20000
734672,451
21587069,83
113641,3949
4209513,19178
22498703,10000
26257160,7500
21272503,346
22227520,23207
21466431,4200
3658670,18614
23524423,170
453811,20000
28010614,2500
12072595,31102
5729845,20000
22621131,1280
1837427,42
26268881,8000
1879275,40000
22519673,32
20377992,10000
5680191,762
21885178,498
26343640,3408
20176003,2161
22649427,93
20425056,1437
127897,41000
13933965,3994
23965373,12000
4768992,27618
2553535,12711
6197087,2138
16334316,10000
20849010,11
2747582,10665
26066498,5000
3298819,16214
16498952,84
23909412,8000
3256933,20000
294444,18087
22119061,8000
2587922,346
22254891,344
22650829,2987
10989916,15256
108152,15000
20428252,2500
23436929,180
21756234,103
738997,28328
2451617,8827
22518203,72
763312,11023
26239833,217
2532861,7500
22981253,952
132480,12264
114565,40000
26368803,4000
5321951,10000
648648,2481
23395087,247
105820,2657
2466615,20000
14311716,1950
13206040,5000
6145226,30000
22518327,4866
5632701,1647
3032050,60000
123112,20000
22411594,2952
2381152,520
15066146,1220
2029026,20000
4271518,8777
18151382,1000
164244,20000
102168,20000
104313,39957
23964439,527
25183022,5000
12279681,20000
1944140,10
2460942,786
22293987,1247
1062828,38312
22459228,5000
12986708,773
28755291,55
1251641,7800
23154160,388
7774618,5000
23055260,2049
11845535,437
1126771,54843
16751596,3238
11167844,10000
22533550,401
26246634,5000
5141127,5796
23907035,3900
2393462,40000
22522640,1004
2105840,5925
18778313,70000
2464958,15000
18522656,2023
16830615,63
3909564,20000
22460201,1937
17731808,75
22447425,653
23912222,4000
2959435,28523
2452045,71000
6213033,30000
11790256,8000
21846261,1868
24618054,40000
23889695,1127
24021139,707
20243592,7000
4786901,620
6142960,2500
5346729,9
18905496,242
23062580,122
986696,5000
20151850,871
2940227,10000
6486019,1987
22457203,123
2578989,12134
104324,1000
715089,20000
823163,14707
23256505,2660
13213154,454
145672,440
14557444,2469
8685791,4000
18753773,24000
23034949,8
2394478,20000
18953892,40000
3815001,1000
111067,40000
21912142,2500
12029024,1158
23079264,1841
6162969,15000
23692038,71
1307854,690
811584,11514
3091423,181
22831917,2367
14223373,96
9573165,2553
3861940,50000
22279931,843
12635623,5000
22542503,5100
112585,30000
22075612,5000
23764376,5000
21891895,16000
910448,6210
27451731,2409
26363647,78
5462762,5000
995694,5000
6869387,452
2334029,4488
2396868,303
13195513,1549
22472588,10000
6476895,1000
124080,20000
106249,9326
23528097,4011
23688178,8000
645152,1205
23711497,254
22525723,873
6830384,1591
22563343,3900
26713199,756
10554931,20000
5320320,20000
12447507,1000
1042038,42579
4921483,4364
10108127,1000
24192338,34
1341194,470
846232,240000
22541578,2500
2457978,51451
24687332,30000
16690339,7311
1415270,269
7580100,10000
3011732,3038
24120534,2102
20641213,146
122210,40000
1488673,25000
24378569,121
6266643,20000
10642055,383
17228057,318
12056873,415
18249253,513
1097863,555
5963145,119
22114274,4600
21675714,8834
25826826,5000
22232450,151
138024,40000
8713980,133
455822,939
23371718,2335
6719674,5000
23007447,2000
21618870,2804
103829,15235
11186825,1000
183166,60000
26841717,7800
1832307,10000
23894604,8000
23837912,4000
23719263,1900
454477,5000
1986208,5104
23906892,908
20392486,1474
6452355,20000
23834606,4000
18388211,566
24609742,3402
22777953,446
3564657,13000
21340061,3777
15081955,457
1296194,218
1976149,90000
22919013,1078
20731026,5100
21517826,285
20821726,1700
2019935,521
21751573,3459
21862237,3000
12197027,108
19284442,8671
23914348,340
736116,20000
980854,107751
24030719,8000
987631,651
13300830,207
123981,475
19409905,2500
981470,29677
1063479,722
7476666,60000
26235524,5000
2458489,14487
2463448,1228
23366925,1302
9501066,25000
23126396,291
18504595,6260
26497433,151
23792739,3152
15982659,20971
21096019,1149
151282,13280
23090082,1775
26676311,1134
760032,10589
544098,8150
24256621,459
5405794,20
9658281,2500
27502745,1329
11216426,1000
2454975,20000
6211789,1238
28722504,1230
23948908,10000
23817351,2020
28691929,2500
12160369,40000
24031425,10000
9327681,11607
823042,99
17525527,17858
1651026,28452
111639,20000
472200,40
26382137,1586
174333,20000
23279325,2023
3030125,2432
26339927,20000
22567888,2109
2536522,7500
23455610,399
19824725,3900
21537503,1919
3169220,517
13622507,118944
23887211,448
16280511,519
21987619,846
6115042,80000
23793807,7500
24385937,10000
2464772,18066
4610306,287
23325604,587
28740860,6135
21618342,137
12077214,1013
5799908,2550
2019554,40996
4304458,2500
7739326,10000
23039936,10000
18663944,16000
23943441,2576
3799508,2705
119845,20000
23505644,71
28109568,69
2393520,61
7897025,10000
22780724,11700
24125700,5800
22773414,37
2453720,13390
7775408,20000
13851540,1249
12929199,1408
2098957,8850
26492951,9752
26271162,5000
3890764,38430
22528498,307
123310,519
4499657,20000
27678522,1202
3904185,2500
1045286,1985
22833867,1094
24106299,87
1064154,69
2600080,2153
13731807,193
298488,154
6000121,100000
22310207,972
2039545,10000
10232155,60000
6190312,54440
24541299,20000
735811,6050
688054,49556
20687844,20000
23973614,34
2395097,34555
25152668,5000
19508800,347
24252925,1487
26147799,5000
19476325,1000
10063038,7078
2465369,10000
26442820,1672
23451747,4346
27390881,2500
11235131,678
19853525,7500
27940817,450
7862334,87
28703346,1341
13962451,13167
2453084,10000
21616694,2128
22818193,188
23199048,1000
3084566,7277
2769224,20000
2452995,8313
5301578,10000
115929,16933
19471214,526
3923849,933
18663874,10000
24379250,3900
4873430,20000
23329365,4000
23868119,5000
22532061,605
20636262,2716
8358311,90
23856841,4000
3457620,7500
24099309,31759
17748838,1093
14803514,7800
21037273,80000
2450982,3432
12114516,1
157636,30000
1243691,2254
2455154,3628
11218487,16915
4398337,1
2457358,10000
1471579,30000
10271999,40000
1651588,11457
9417261,28000
3909242,10000
26229860,10000
107745,10000
23871116,54
6799002,5000
112783,40000
123266,2500
23661397,4000
9285067,1000
6211869,10000
23454353,6176
14380682,5000
925048,47374
8147751,1204
23752088,1900
21562872,2500
23591372,8000
26472441,5000
5991994,982
23299923,115894
4764894,228
1337624,515
100980,12277
21983548,5000
3817779,41000
112618,2900
4363952,4162
22291996,5000
9489366,6319
19243426,5000
20589026,20000
24382872,95
20165145,1281
9902197,1017
22590893,3900
113311,120000
523613,15854
987004,25021
118723,60000
110110,20000
3137027,8000
3256651,19489
4147193,5072
5211482,9073
6257574,1395
21878930,5000
22469771,3771
9420456,5000
21744620,43563
23219417,1237
1991987,20000
23130238,115
1652214,120000
6652073,60000
227333,85
19510865,872
22460492,3900
22873006,5850
4310262,1000
14144090,13768
2394684,25000
2730092,20000
7442755,20000
13315761,76703
20589697,1879
26105543,509
17029406,694
21504394,700
103312,10401
22016771,2500
19579685,41313
129528,40000
23407298,1118
18256089,634
7275669,17560
5961955,16
737912,320
105281,40000
19377505,38
20685818,753
4908615,20000
157552,80000
3087957,40000
19954545,1261
19732822,82
23872613,732
24241792,32
1525699,35614
940900,181
27509184,860
6939116,1137
21615329,10200
25308577,20000
23863827,1705
19593711,4660
3908228,45000
17822297,1000
110341,40000
2394932,80000
23750190,8000
22573196,14000
14956063,11700
21426318,3
113729,25000
23993662,188
7802454,420
6978157,58182
23154474,11700
26387584,1053
105028,7720
3916898,2106
19829285,1000
20207069,38
26252711,34
26054026,5000
23380561,71
28534700,1629
9036475,10000
11792405,2375
11976415,1273
21551435,2500
2459933,5
2460543,40000
122386,40000
122639,182
1253765,982
100584,269
26373362,93
189899,20063
22943267,220
2341818,83
3604363,4
23802117,513
8107680,375
15853652,11700
22209817,482
9150330,7971
1061671,50000
1061862,10000
127325,20000
24087007,36
25754197,2500
22822676,5000
9114208,290
525071,40000
113498,934
14744261,5306
24226910,492
2452821,20000
3658840,3413
106062,10000
10139868,926
9065207,79
7342171,1109
24216560,49
27472316,2438
23358454,1000
21499367,5000
20413260,3108
26281393,5000
101618,35000
5617542,71
21663471,78
4641258,57
11184652,411
14258580,69
23907043,1296
8937409,908
12269875,10000
22943686,5850
23001880,39
3574894,88
20773265,87
2461871,16336
9406355,40000
2081588,50000
6130646,20000
22655441,675
23074314,162
1892861,60000
7886218,5938
351955,15000
26066505,425
18654638,1000
16506757,30000
20688227,20000
23586414,11433
16547674,1000
5391979,731
8186406,1074
23241680,664
24919027,10000
8665311,2148
100485,72999
20317541,10000
22413932,485
22750445,271
23609661,2153
23700412,2798
21953598,615
13648424,437
12474401,5000
8179098,45900
23965643,170
9876162,298
3874297,1000
18633762,10000
6346806,19205
8821987,890
2454553,110000
826642,75000
11599530,1000
21587480,222
3270466,40000
108493,20000
2393744,50000
9913364,308
128117,61
118921,184
20390383,5000
22478132,530
140459,20000
23907909,3900
22826766,1484
28586209,2572
121132,4457
21832714,400
22465018,4735
7547559,30000
1045377,15000
24020610,5759
26392764,505
403977,4292
23321740,4000
2453811,68
23949712,10000
24047487,215
18577196,24
23331816,6263
22538796,7800
2457499,20000
1061820,60000
19064931,7800
12403600,17500
24027770,4000
1292417,40000
14253721,2174
6638122,11000
25846997,2500
25221531,843
23637431,3184
3129072,25
23636718,51
22518703,771
2452433,2437
19753639,7800
2039156,2000
1201767,50000
2777958,10000
23353913,292
4511063,2883
11552695,1045
23820611,1644
14030929,267
892241,40000
3286119,1166
23390169,2500
22459823,5100
4518250,130
107998,20000
2753996,19169
22523899,1433
23589020,71
2334797,41000
3029630,40000
14558205,7701
20688270,20000
26026195,10000
22807341,1000
122606,135
22581414,10000
13616961,3203
23283349,1010
116831,36626
5070560,509
24784688,40000
24693708,30000
108856,56349
239366,1000
23588182,3268
111705,11244
28159146,1388
262900,50000
7078361,6
27247010,5000
3890129,1514
23719224,1900
2453738,13
22812127,58
11861242,5851
735266,15000
1881912,32231
4916271,5786
3132167,13891
23412343,710
22297360,10200
18533593,10000
26680710,2342
126852,20000
28019069,1524
25395899,69
4105445,14221
525410,17500
22709601,20000
3797154,48
6661269,1
3466399,80000
104170,10285
109032,21000
23753167,2330
11955138,1087
11236455,46
23089644,1106
3602607,2423
23984759,502
521088,10000
14206863,1906
4373240,15000
125466,11880
13265103,5000
4427432,3000
23813056,290
22290500,328
23057260,40
16786053,52
3526996,20000
4867040,10000
5337829,100000
11934511,1780
22795494,1827
4599081,3648
10470115,10000
28824865,3138
28705282,5000
23087475,256
23358013,5000
23868254,7500
426399,20000
7454648,2757
24296085,408
15803357,1754
19319746,330
23384886,1039
23236144,687
520304,270
6898791,40000
21965903,274
23709966,253
22548475,5100
1243170,40000
22470233,250
17817742,5000
17065490,50000
22477434,97
1756973,20000
3812107,288
19797643,1516
2063186,839
148031,65000
7741875,5100
22735071,3900
1651976,10000
21454988,4027
2529974,19473
3315500,2000
3778041,5139
9278404,6600
24026932,135
3364745,20000
683179,20000
26352660,1736
17080840,50000
2178821,5290
11882183,5000
28073991,888
23333592,48000
23023267,7500
24178169,680
16539005,4094
23162064,152
3077438,3214
23387790,113
17824465,6982
5400028,40000
10657541,10000
18910364,65
2034830,7668
22643182,952
738482,28427
9259432,5000
23802169,768
9678047,1737
121143,5579
12598261,450
25185090,1400
5397483,4000
2709709,2500
23170949,10686
28157443,2500
4644402,1567
12460626,27471
23870229,1229
4006957,20588
8591045,10759
24008793,461
104115,30000
6263497,2868
2451096,5000
25494816,5000
3640214,100000
23696331,8000
24235837,264
22401476,131
26276557,174
1650978,18221
22566273,2108
22478707,2111
22241387,144
21752882,149
23786255,52
3129775,60000
123508,118
23629064,2710
23171492,340
522482,29920
23537703,379
24236363,504
10390968,1400
21553188,15000
162503,10306
3194811,39
2452542,338
15992885,1999
2535831,66
23826436,1799
20272059,4828
22709853,1000
4844494,260
1912125,172
7563151,30000
22749220,3900
13031874,12
17065363,40000
11705147,20712
7410799,25000
23092996,10000
24119641,4000
12063756,16787
102971,53469
23817921,407
115995,79
112860,50000
103840,20536
18425794,2335
12617518,5000
6537712,40000
27114775,1302
23225803,1174
24839164,40000
22518046,10000
23794138,9282
23335607,2651
1881466,10000
2380824,1
521021,20000
9384949,23997
8414187,22960
10322933,863
2754542,38430
23012532,362
26259683,12500
21703972,1100
26935770,619
2916247,7800
23694099,825
23854875,58
28650057,200
125719,15373
18518411,13269
18222090,1015
1355057,744
2375591,30000
23736214,2000
26867657,2546
22472300,54
22469808,10000
758235,40000
14915782,10000
26241781,5000
24044941,911
21545410,8000
148932,826
23189627,1174
2072124,80000
20228952,633
17734740,1296
23992221,4900
1929166,20000
20725010,1000
13937341,2500
1350632,40000
3533307,30000
18875159,1482
23259968,3638
2457051,1116
993527,1000
18656198,1395
22482517,15000
1174971,6840
22483425,12
14432155,206
7586776,30000
18471805,235
23217948,3900
23433168,3700
23883122,670
116138,20000
10270262,5490
118635,71
126731,40000
116193,23296
4764902,8200
22597269,5000
24259435,587
3611004,65064
23882766,73
4117978,46005
8735148,2483
1539658,20000
23769322,7500
21981612,134
24409361,262
362288,56918
3356980,7800
21705390,2404
22467214,10000
12934192,7500
4905909,99
8952948,5543
21321968,556
18685562,20000
4770073,45000
22543612,1000
16265926,1529
1500629,239
110858,21523
7885307,10239
1178667,20000
105468,6762
23251519,4903
23637584,5
6829807,10000
21614996,2939
12578494,13961
25837401,1451
22508998,19
8817784,5148
27426203,2500
11625921,807
16754176,1865
26623720,1591
4797307,395
5837034,1000
8901871,3900
6221416,13463
110704,1517
7020081,130
21911292,4000
26440434,5000
21652715,10000
22208815,1
28243350,2500
7773881,2064
21206713,3
612433,24942
1906496,495
6652426,32934
14829769,20000
23793488,7500
26198353,1108
23876331,1251
110297,17737
14816724,146
3489681,1000
23621363,2500
23026984,10000
28175576,2405
23075335,2551
4233924,9056
16132658,677
208000,3534
25129864,80000
1249772,733
311700,2500
23792513,505
21715781,84
3754283,20000
9331835,1242
101970,104
13880641,5000
1987123,70000
21502462,1000
876425,20000
12084350,50
7433318,2160
122749,11997
17324055,10
170761,40000
4670000,353
2463190,50000
981657,908
17242082,4386
18735753,1882
8038367,865
6305338,2500
4196462,1600
22458200,120
23691569,5250
21503830,1791
22533369,611
8058661,11810
12310169,98
24850830,40000
7395141,5000
17195569,6000
16050592,440
24289959,433
22499295,5850
22568546,3900
26276397,5000
154369,40000
23794443,7500
744334,30865
13316208,7800
2456939,22327
22142231,91
14601039,7714
26064139,5000
6667059,569
17071783,40000
6254301,1106
24215740,500
24218651,4385
22721642,1373
2020537,23436
22915922,10000
5950813,455
111122,20000
23377721,533
22457087,5000
105149,11667
27971299,739
126467,167
522946,40000
115665,2731
7576910,40000
13248295,205
1402433,4990
170613,40000
103697,82000
821885,804
24028320,5000
9209502,3653
100848,80000
26608788,648
18676784,1000
126236,29529
11883406,1000
26399748,2761
20412097,2297
13799879,5000
16805797,1980
22474900,12500
127952,10000
21058482,415
119339,20000
7587261,11268
23759414,180
3364816,494
23752891,9042
739268,683
3909580,40000
22923210,9750
1882308,5000
10239671,530
481022,6035
24099372,10000
25742575,5000
21562839,6791
22416461,3900
12761571,5000
21744846,582
24145313,2000
22777527,488
4504506,40000
18352377,30535
191799,20000
10026039,34921
23964050,3986
23869300,678
3817692,8000
7215609,1083
11312437,110
2924310,2092
8700034,1352
11699644,1136
591293,1125
429044,3984
23981830,5800
6133685,1795
1532761,21418
27518456,1699
126324,2850
3597891,3033
23064637,2600
21325101,1000
2462465,483
11791326,343
4491961,2500
22236551,44
26243596,5000
11029594,5000
111738,40000
22478339,589
3054973,11974
379877,2517
10006311,4000
15104307,20000
24194924,37
150987,20000
10597757,102
20639493,18007
23794485,8000
17545277,866
7886523,16955
1592873,42
23862073,191
3092072,30000
9951590,22195
8440445,512
549575,16999
7687564,1000
27863013,4882
18550294,27622
6274273,20000
526152,34609
25891936,5000
22104684,235
22531322,83
2394031,920
16194021,16053
15115815,12500
2027585,16318
8718027,542
24045543,10000
16067260,810
9678114,2728
22150682,14033
163576,10000
2011249,27088
3661785,1000
3753814,5000
23995391,5800
24413733,20000
3616777,250
4240478,1000
21564559,263
24088714,819
14838468,1340
21398423,5000
24267201,340
13810773,1432
117194,1918
10204228,1821
23863259,4000
11109448,5000
21809482,1771
165555,38275
3052632,895
24028179,312
26968171,2737
24219175,4346
21977216,1338
11202353,3900
21501422,90000
3939806,2190
22607099,3900
13692277,10000
1062257,469
9324350,731
22246459,1220
23033608,894
105446,28305
14047732,46
9246652,352
21098321,30000
266622,836
21648768,6033
123684,20000
1738966,5000
3309439,94
1846388,983
10089400,1791
23357754,188
2081620,5000
12499096,1440
23962065,4804
14844637,7508
1121942,327
13359737,1017
12644740,1000
23025997,2500
26289303,2438
9913538,1232
805058,1
1045252,40000
2081687,15430
120956,38095
20064734,40000
22499323,1052
18899153,2500
22786598,1000
26383167,3896
811606,40000
28536216,118
23099711,260
2530949,20000
104544,1490
22482313,350
6037655,40000
121638,25000
16854753,10000
554430,17894
21975670,1177
22874912,5100
2393488,6602
17675140,1607
520825,301
2532705,50018
23848473,6276
23080700,4000
1494096,1271
21986546,2500
736660,2500
18714262,983
17703313,32000
2464438,40000
23354633,133
26426153,681
1329135,20000
7162867,19252
2588475,20000
642534,7839
21905705,4000
23965190,8000
164137,80000
18731913,43569
11255588,20000
120923,40000
12282517,20000
22832176,1000
4250456,2500
21567065,5000
23791362,1174
17240762,5000
27486121,2500
1660746,324
122100,20000
140848,7367
22810227,4787
17260877,6783
25985920,2500
3692855,15000
23341042,1975
12326385,14
5702730,9416
2394296,20000
28635762,5063
24229281,1849
23267725,1413
24008765,2028
22692500,8000
969832,13186
19704185,343
18045209,20400
24389546,90
18606983,1330
9277600,40000
464188,17391
1882340,20000
2395509,661
7946178,9790
6210195,11718
9352702,100000
11147418,1425
17505249,29
21912469,4000
125081,10000
2362045,323
118382,40000
2578997,24000
26228772,5000
22532742,152
24028291,1913
3651863,5000
21811588,500
3580801,135
26289942,2438
2020412,60000
26279349,2500
28701852,2289
1062232,34622
22529735,2500
4225326,1000
22570211,153
139618,25000
18749363,692
21627984,1000
18457009,777
22127811,56000
2166612,10000
145920,5134
2395178,20000
116611,623
3909416,80000
152009,30000
6146400,20200
6058533,80000
26368958,4000
12756759,1478
4844230,5169
11331159,38550
22457289,368
23387011,4603
4699611,779
2591735,40000
17948753,340
22633214,418
14753189,1966
18808872,5000
21915760,10000
9628808,2314
23878853,1258
4535377,20000
6384509,64
491000,274
9115797,2155
4520866,40000
10472068,2500
106029,13628
13905862,4120
17341705,5000
9910901,176
18966416,15000
18738736,7374
17614368,3932
21914360,5000
2460394,30000
19860770,1477
23029771,699
18493616,7011
18981244,1634
127105,10499
4163642,40000
237211,20000
28346211,8456
22882326,111
7390702,252
23080556,64000
13219907,17658
23092842,40000
6091490,102
128040,30000
23091713,5000
14214038,10000
2451690,30016
2320542,40000
4486649,5000
23377034,3900
22759682,1344
20062114,2500
28701846,3935
2485186,20000
2453381,16344
25136717,20000
14758883,222
23740256,4044
21446834,2500
10484808,8546
7046583,2005
17427882,911
17621993,14012
1243147,1013
20928186,1954
1009042,1800
2605652,3129
24029068,4739
2025189,20000
18926123,584
16662230,20000
23364440,816
11951635,1370
24025459,2583
1061978,10000
22592160,10200
161265,20000
23086750,2500
22517623,2767
818071,10000
21920897,14474
9101252,741
22649980,262
22944652,5000
704551,39
21851705,180
195944,10000
22528579,20000
1928432,20000
12752657,18
2465534,20000
18152983,2246
8741025,4156
14065413,539
23511889,481
3568044,40000
9561548,1000
23916265,326
574111,95000
10668425,4336
7595941,20000
23963529,154
18945222,20000
16285718,103
3753780,20000
23901308,1143
1670579,10000
17065453,20000
22471617,2640
28489135,14
7515626,24149
18952636,450
109615,7458
2454389,50000
21904562,11
22018956,113
8874998,10000
22457994,2054
5220427,1000
100298,40000
2452612,1800000
10410857,419
23974087,1004
19838432,10000
19528290,568
10316746,8000
182300,17147
23966888,442
24275074,117
23351983,5000
2530550,2500
1292763,160000
15483643,206
3054940,20000
21188210,5000
11848775,6700
21283979,414
6534799,5673
2451658,10000
229711,5000
104764,2591
2459099,35000
118041,40000
14081029,2936
8358548,5000
106337,1000
22475782,1150
2579652,5491
119372,40000
22455802,3000
125158,60000
13914983,671
2704158,1515
1986414,20000
2051055,233
26307797,1815
16277522,238
23078002,4000
23643236,95
946931,40000
6923671,76
23032318,8355
23063549,5200
1893290,1092
26483645,2161
5645794,2500
122969,30000
20729392,20000
2529461,1719
101090,40000
2466466,614
22802885,1000
4787358,20000
24256944,92
1785418,10000
3760133,9634
17066051,40000
21500301,12500
23588202,2438
2046564,1000
23761821,100
18243824,1566
24235376,2379
118613,40000
24203483,163
2457648,105000
137091,53
110924,17255
19801036,761
22440130,7800
6474859,28676
23253317,69
2081786,30000
3387034,20000
23973605,1253
21565022,5000
23215542,4000
9271975,1984
119713,18727
766369,258
28742727,8000
16039490,259
10666914,1204
15854465,20000
23020382,87
22491499,7344
17935376,20000
109604,3017
3525826,207
3256982,1000
26233670,2500
15854986,15000
24252084,256
22190698,27000
11029334,5116
22812454,50
3908889,29
125532,30000
13457665,195
825069,7605
26241841,2500
24011834,460
9648780,931
23885403,6000
23394474,12
2528950,41182
527481,56243
23253125,7616
3532770,40000
7099345,4967
24135427,587
2020065,17352
23119536,456
21643571,34208
3120114,44
26248952,2500
26729971,4000
27238318,20000
23175813,4377
20744816,2920
5988240,2500
4912806,35068
23870992,2144
13938410,5000
23549198,303
23913346,4000
9424366,20000
1658831,5048
24218958,70
13785241,1474
22538959,12596
6954158,24000
19018582,584
5326649,25219
1637881,8810
4187537,997
11800604,2992
25164995,30000
27034529,2500
23197271,1000
9602416,1371
24882551,20000
21045522,511
21407775,2500
18745906,647
7704155,11178
22473482,658
22499095,1094
20821743,3656
2416459,4522
22465636,12394
23180051,2551
21073808,1000
23710763,113
148338,66220
18519611,10
353233,20000
106898,20000
19071768,3859
8459486,3
3816509,194
17050849,367
119559,20121
25891595,2500
6658685,7107
22528081,50
1125979,2500
21622291,1000
22832863,1000
104258,15000
6133583,31000
12011534,20000
1652222,21617
23953343,2347
28081423,80
10208170,1000
18965207,4000
22901520,360
24378415,1000
2107567,692
18382009,1001
11886009,6547
8876807,1929
24258004,10000
17102789,36
2353338,1288
27467793,1053
23970073,3000
25236144,1239
21612702,2115
163741,288
18523417,28202
21836118,306
2862985,36523
758060,105
18194998,40000
22777213,220
528224,9
23870511,482
4560924,14
912630,5000
11349985,10000
116688,1884
2460360,60000
23299717,623
23725068,27300
14693269,100000
2458323,3894
21672584,45
21867635,236
106018,5000
9488890,3900
3650820,40
9153550,20000
1062638,13839
1901094,438
19750718,7500
6093393,10000
22748267,6828
24073404,4000
23353839,2000
22459975,316
109428,5098
24131349,104
22615777,1000
496177,10000
23396095,118
119460,40000
12101252,1000
15143336,2453
1212569,22659
2393231,1431
25014051,40000
6162199,2178
15115645,5000
120648,130000
8306164,5000
26314486,5000
14355772,190
24139378,13
4788889,3162
110253,40000
2394122,30000
989292,1595
25714133,4177
13726220,1000
11281491,10200
5210609,6194
4262857,6282
100067,40000
8315486,72700
23397961,91
25680366,5000
2529552,20000
25939266,5000
23867841,5
23920457,912
25425821,598
20514740,22645
23551039,4688
6060364,13300
8198994,40000
22461719,10000
4814675,15347
125642,50000
107415,3133
22800291,3323
128801,40000
6967139,100
22933803,3900
27457152,2282
22655695,477
12049854,2500
25182592,40000
27025884,332
28748886,308
11082736,623
9336810,1000
3434407,1501
23352705,4000
23824724,1855
22973909,10000
20795050,1468
24184174,3287
2019950,20730
4607022,356
137489,20000
17259274,20000
248344,16000
23059462,5000
27528543,940
5791173,10000
2762302,14388
2709797,10000
24283944,2500
2394809,30000
371455,3694
123178,20000
22470902,5000
1241828,3058
20239645,3900
22850836,5850
15811940,303
25833815,4083
21588829,5000
887302,7451
2465922,13601
7772216,9187
110836,20000
26239848,1514
115841,80000
22518151,5000
22942787,425
1481259,10000
2380535,20000
11792854,186
23305940,5000
25807566,5000
24087124,3182
2362988,1909
25418223,26178
23741220,80
3566927,30000
23785097,5000
22407025,5850
2081653,344
1572657,16952
4856136,170
6170022,25
3466181,54
23627960,6757
12004314,5000
6143040,6997
5800416,2500
22081179,394
4739295,40000
143628,35000
23870798,731
2534872,2644
19542585,13300
24027127,179
23958656,71
21999918,10000
16471386,10000
12772012,8174
6305992,9138
22343883,26000
22498063,2990
123409,37500
10996264,1000
22465047,26
2460451,16981
23588798,10000
25891685,5413
27572667,1321
23542024,13
21589120,2024
3321463,20000
23977126,3277
23044994,271
8277254,10000
26229039,5000
17126769,125
23064544,5000
11031517,2590
20734528,95
12433658,1492
23813400,42
291633,20000
22524096,5100
8979120,868
20587647,6952
822954,10000
18703872,2000
2464289,29
22863473,5000
114928,1000
23893949,8000
13551960,20000
4358522,241
23807020,1900
22732299,1000
525295,478
18098818,10
20333773,1708
22930930,54
25194301,1196
904679,10000
22460310,7500
680330,98
18638949,1210
12033527,9679
22836605,1000
527507,75000
12541320,1577
21663016,1168
3494305,1493
3074721,1218
7223543,680
22940466,12
17949779,499
10098045,214
10488923,10000
21994641,5000
21960762,1429
12403639,34053
8092554,5000
6098178,40000
12826454,3696
23551234,6262
26252042,15000
2258921,5828
119119,90000
18730242,20000
3693770,31
24081387,4000
2051979,1632
23962591,891
2625053,10976
6032667,760
23878435,1479
23077164,1984
4318874,4766
23759238,458
23943117,1174
989160,2477
8642587,6794
21545177,10000
5371085,1000
23827840,4004
106920,6340
20797434,5870
3020863,10510
2249599,990
7060583,4619
26063978,5000
524389,24968
20293777,3900
22432687,3900
142778,18633
4916260,5239
10053789,5000
25510737,10000
17102127,695
18657005,5639
124487,924
2733792,3000
23738973,297
5977173,20000
26377326,173
994385,592
12113986,1000
22533330,5689
23973859,616
21049310,11716
3322297,52500
19057758,5000
5685888,3900
6755332,1401
24200077,255
6795287,514
10933700,588
18982069,2506
121165,30000
11805260,1868
5751727,20000
13374983,257
100375,811
118195,70000
24220286,5000
3808050,10000
20664698,10000
21823201,1652
23550849,210
6128130,39197
521799,20000
20809354,12704
1909291,18156
19729266,1788
22457854,3023
22768864,211
125675,80000
1929026,40000
5640941,148
844215,30000
23267319,1707
24204647,10000
24307122,149
23818351,8000
26172810,5000
9619794,32
26255689,393
22182986,217
19827534,10000
2755066,71
21752716,8500
7863818,348
103609,120000
22482212,10000
1652362,9490
23720657,127
19553709,10000
8672398,309
14126185,1062
9288914,500
1061812,60000
23664357,2000
20579041,3587
20554920,5000
22857242,354
9258337,1194
23033654,736
7490799,20000
24592591,40000
28500668,77
8220660,2438
21726346,5000
23497206,80000
25617279,5000
23081787,5000
9674613,7500
203633,97
2038877,4262
17675295,2110
23304564,2500
6506170,844
22706517,335
118096,80000
1641746,78964
21863211,80000
126423,786
9544379,14606
6939382,2000
108559,40000
1859732,40000
3811836,40000
22771780,5100
26233639,2500
1987222,61583
5314636,3549
14707846,1000
2533802,20000
14244673,20000
3972846,4000
28246648,343
14041321,2070
4624582,18692
23991836,71
5158395,2587
24032527,180
8687652,32412
20626804,24000
7835440,7134
1296269,71800
24016252,15
15112485,943
286388,40000
27604502,1429
23909322,5850
2458364,751
22646002,373
22995153,422
23304104,8637
25744271,2183
28418036,56
121297,7431
23908025,1950
733864,20000
5665864,1518
785969,4587
22259267,11
112310,20000
2128768,137
2466201,60000
4776747,177
14279368,5000
2568282,2823
22467501,439
23844679,14
4684706,12057
23183324,10000
13532481,327
5774171,394
26045856,3766
125180,40000
24065125,311
23981667,113
7336006,54
150656,40000
23317599,870
23876829,731
24179061,99
24199072,659
1650143,20000
22436116,205
26698140,652
2451013,15670
2510621,8942
2548275,11500
2615901,65000
25581942,2500
17816471,30000
22458885,26
3058014,2500
22113082,660
14434336,800
2023385,85
6272078,8000
13886287,493
2072298,27
22456994,2170
2334763,1000
4382556,30472
26565457,3169
23799127,8000
22822915,1000
126830,20000
433855,977
27363712,2500
24130692,3012
16915971,112000
2535632,1896
22404689,3900
23057154,15300
339755,87
7152272,20000
27676346,2457
23365068,11700
1063192,70000
1848973,5070
114719,7275
7098085,57582
24182823,393
20081781,53
17179276,86
23891717,40000
21649745,1181
21334814,10000
3337369,53
108262,60000
19055142,2892
5300114,15
106007,9770
22576665,556
27287284,2359
28760356,23596
22162451,372
6132308,1474
26250233,5000
13987097,4000
2607082,17391
894406,40000
23946431,44
5910984,2844
27942792,2440
2794100,27452
11755730,1100
527457,4876
2457382,10000
27525172,1188
23029402,4564
821462,6621
527473,4502
239111,15228
19470824,11710
13983041,7770
23862544,18101
6429282,25000
315022,40000
9648673,800
979237,17146
19873469,29725
21962916,2364
1362928,179
24378664,1000
23279153,2274
114334,5
28245918,7
100122,20000
156349,10000
20224050,52528
22127530,70796
9413278,2796
17947802,2440
23869189,176
906392,14684
24208744,44
23392425,3900
28010652,1772
21936982,10000
526061,1930
117381,60000
13855482,2500
821797,379
19377083,347
121033,10380
7754861,873
8676008,5850
22530772,7500
17065422,20000
21576899,3900
22995876,218
2453134,60
13656686,45211
1465144,3900
12169314,8000
21640221,5000
1461954,7692
28178884,532
17768687,7800
4743436,93
10868945,5225
7606158,2500
1935423,4000
3250033,1000
7118403,40000
20545442,2500
7796334,30107
23163602,477
22062893,7854
22509205,1841
9166561,20000
2617212,6952
3815274,421
16439513,4779
116490,40000
12560851,110
22849039,9750
20730558,3504
22445886,3900
25011793,70000
16542961,961
4879007,1000
22782298,10000
6438773,1000
20540045,7376
14440058,5850
108317,40000
14495879,4648
21838303,275
22534364,1952
21084103,40000
7296848,7500
2394445,2669
27442409,2500
9100156,10000
21492322,290
26108715,2500
27448401,1175
22526988,3160
13066506,20000
22024229,1277
705244,4011
23394009,206
23832917,8
8169616,161
26248655,1980
21844835,321
14538450,1576
10698252,7500
105336,61547
1324111,7493
20397584,73
23338073,2515
12677478,20000
24074588,5000
18194865,40000
23624386,4000
18335166,1274
6885285,4000
17495147,585
23948398,29300
7856870,1268
22533406,1744
24381977,161
19537177,1673
1343566,20000
22468462,10200
6114666,1000
2465708,71086
22467488,1610
26278918,5000
21304877,1289
23760817,781
24441774,40000
2537282,8451
24878885,40000
2019786,126204
9306290,1000
525139,618
101222,60000
23323606,39
20206870,2467
21539476,2500
566074,157
21610395,5000
23308431,56000
21905668,4000
12291314,284
1003495,7528
110220,60000
1882027,20000
13863750,3900
27742813,2088
23523710,7800
26245509,5000
24159114,623
17711484,2500
22520983,7500
124916,29775
6275705,10000
2595512,8472
2612077,102500
4706686,7596
23325375,10000
22564492,3900
628388,23753
104522,14337
21660492,5230
21430824,13230
25055981,40000
561419,4946
14443576,20000
10941832,2736
25329556,5000
27987674,2500
893647,2500
6128385,16401
27070303,499
5740795,3740
5558428,100
27419039,14
26596371,3314
139519,615
3606996,23227
22890466,10000
5310056,1252
1564453,381
129841,40000
254755,3062
4793505,158
12366656,9628
24306453,7319
18258679,7617
27829869,3273
23160542,165
23534095,8000
26319068,5000
9522469,702
2394832,357
9484876,40000
523183,20000
22287236,578
23031873,12
2451633,20000
24374843,4304
6345663,5100
107162,100000
151092,70674
7102137,13236
24227464,751
23388742,7500
24229911,16194
23962903,38
11994155,5000
1798042,1011
100342,2148
22998126,132
19460644,84
22025632,5000
19234726,2633
22904854,5000
3825167,909
5965365,40000
22816255,79
19247563,6813
21854749,120
11691444,1417
4679514,1708
17477508,5000
22470836,928
2458976,30000
1159527,10091
20823587,20000
2533471,20000
28335110,1939
145789,60000
134486,40000
12152514,244
22857190,4510
26481966,1692
4388358,20000
105270,2995
24182191,504
28677882,43
939603,40000
17860155,2077
22472331,12750
23635197,1175
10243742,2533
846584,5770
121407,10000
26440339,6425
14020894,20000
22106335,686
28748276,1668
108779,20000
16794944,399
18500888,1118
863207,6432
10693381,1354
8277509,100
23006815,3900
25665162,2500
3799552,80234
11790089,15600
21625458,5100
112299,10000
23779634,8587
23099983,714
109505,29234
111672,449
23796997,3900
22803933,1000
4893572,10200
25805746,1383
23690604,986
23128423,1794
1500702,40000
6142661,7212
21846366,1000
20559139,56
3460048,40000
13316394,5000
24087406,63
4820092,2042
7867732,40000
23627598,112
12168201,8850
3661330,205
23163522,2110
21396482,236
9686932,8000
22530701,5000
6143552,12962
1651810,20000
23803176,2465
21994104,4000
24266599,60
23745244,31
6538249,2848
23764337,10000
26279429,5000
3523373,22881
23009608,5000
8034462,2000
117315,20819
22544174,10000
915793,3175
23638435,2030
105490,60000
1970385,929
107536,4060
20300008,1000
1838043,20
23019293,7079
23078332,1988
8041215,48
25048317,40000
22523391,78
25338141,30000
24146634,2700
5980672,15000
3099651,20000
5807644,297
3575881,3900
8958536,2000
6305817,20000
26280788,10000
14955183,170
23010945,31
146605,40000
22457803,5000
23029658,30000
122188,23844
22499210,7800
23504019,20200
20744965,5000
19292062,1857
3629899,3722
120472,80000
2363327,620
4622746,10737
118360,45000
1386934,5000
2454892,3322
22470945,258
521310,50000
21160872,15000
1011666,80000
117161,5509
16678104,815
22522225,29
23604341,5100
27484249,12736
25790522,10000
19818985,19
231155,1495
10725423,6426
26207708,13
9342452,1000
2048645,20000
3088419,13352
935098,20657
161760,106
22916033,2840
7272040,2500
24389866,2400
21906720,1728
28079591,84
25054443,4322
4277640,40000
5311987,20000
3142933,12
5350383,2500
8200485,4813
7333302,1072
23973699,699
3954319,9655
1041950,110000
8696595,196
22051301,5000
23012332,924
173400,363
13552768,3145
23755652,30000
26249399,2500
20830158,17707
23719132,1900
12660287,10665
15664119,677
18661185,310
9332019,7
151217,880
23768504,5000
21392269,5000
23033474,5100
12717173,389
718513,345
7967459,264
21550979,32152
16040214,20000
22619436,5000
7355104,1843
23589979,1680
21983387,3749
22518192,3227
6674700,254
22998060,291
18288649,16329
24912461,20000
11679244,1897
2453258,7251
127853,25000
144055,16774
17422001,5000
2388285,1792
9083977,9752
18944619,812
28336508,2279
21565899,50
13034853,15000
23870776,2144
21289229,353
26230255,5000
3985387,298
4812917,20000
22599968,3169
22516985,3614
21071858,5037
22850653,1108
22713993,5850
22277764,25509
12063453,622
19598978,3900
23496323,22500
2453431,79
20724080,170
24097877,24789
23986239,64
27587764,1766
106469,20335
118591,5238
140053,40000
124564,140000
22783667,1000
20728633,1000
23993614,10000
22457649,2440
26274268,5000
4643998,1880
22791808,30
6115886,90000
20743659,1136
17654586,60000
119955,50000
9864732,296
26739826,1123
1201437,80000
25812531,7500
2577544,20000
104302,152
21301852,10000
27668641,2500
1754157,1682
26791684,56
23295585,2565
2381194,40000
10879499,32
25887265,4477
23355870,2511
4352840,5598
21506658,3000
18795590,699
995012,58903
5639906,48000
1929315,19922
24305540,16178
23401391,67
7840349,23309
17836612,1444
23974911,10000
21046946,20000
2020867,1003
2080903,30000
23517833,539
2039164,283
6855088,2983
632555,30000
19071175,50786
23857468,1687
5399154,21324
24143439,396
27787734,586
802185,112
23053681,514
26254043,5000
2202967,1000
26573898,3422
18788075,40000
17479714,57
18446286,2423
23299067,79
23099952,8897
24219731,346
22469848,2520
23362698,2907
8461533,80000
117887,1728
778646,14073
17117275,3900
157297,26118
22459728,5000
102817,1049
1847103,7650
18366187,636
20872151,37
3193535,50000
21553114,7258
7871509,1128
779075,10000
3364760,2500
124102,9505
22519748,7800
17348106,975
25461574,7521
17108376,262
28337422,180
22490023,522
27589405,683
26388691,6956
23820266,8000
18634243,849
23863633,28
4484491,12500
1185047,5000
1393402,60475
23964275,2060
24027536,1153
2458216,14733
5148437,40000
23541555,16221
4676528,1699
18055641,5100
9455014,5822
10032748,7500
21611970,2500
14491563,2500
18951261,1977
11160119,2500
24027900,216
1859934,44648
9415591,501
22293047,3282
26224661,5000
6987490,7188
1146332,12816
9177186,20000
23038183,2500
7649918,33
17212939,4
13925449,5000
22460939,434
20518154,40000
2073760,2319
23215737,60
329244,1083
2103358,1495
8025763,19
23962280,205
6057300,40000
14816043,3498
14365119,68000
21931260,1000
522078,40000
106436,40000
4850115,1649
7903764,514
115918,20000
21744786,120
139485,30000
27777167,5000
25792473,40000
22517085,1598
22464011,3739
3133102,11365
3882910,1
3025692,1763
6711300,696
24781427,1855
1054671,309
21481184,1000
3637926,20000
11457954,75
23361389,6262
2780081,11976
23116161,50
10573930,2493
5140459,125
27225177,2214
23253151,5000
3659060,40000
119801,25228
17405857,503
26143595,428
24139124,201
22518064,41
21532281,2000
7559200,1098
18953212,455
9259941,2247
110990,1946
23542722,8000
27348763,872
25757852,12500
2458240,1853
7891947,3423
2465849,40000
14854336,20
1987347,40000
3648535,1560
20695602,6000
19475421,247
13724598,1728
23704755,1900
9988328,3900
26951477,3354
27284031,1468
102003,10000
2463588,1739
107492,6091
413966,90000
2019869,25000
525303,20000
25009483,80000
22525321,207
14083109,1000
8517729,1484
1650424,40000
16231104,3854
12127199,5000
7772937,4249
6279348,785
27509162,1496
2457044,472
23974049,2246
18515061,13106
520031,5150
2466060,60000
2380691,9053
23846325,10883
26237178,5000
13987470,74
23670028,567
23858706,217
22498295,5000
22379198,14595
22977202,309
23974556,424
21980642,22371
1928355,18888
26467334,3606
12271900,5311
10982347,5000
7773770,7687
27542799,1047
3488516,20000
4790785,3900
21046762,1000
17421720,10000
763366,14599
11693466,10000
148973,5657
1953500,190000
4912366,1000
22931912,4269
3527945,884
22701678,28050
2458414,20000
2634021,707
821473,1103
24087498,120
21430942,69
16004989,149
6673830,1
170662,48712
1927805,128
24220451,7329
22510883,4498
3711650,20000
10665511,2769
22904207,5425
311299,7838
887638,80000
21547671,40000
20910455,15204
3907899,3831
24038215,5260
1476727,16551
9098328,2500
22885993,2274
7855978,7650
23669878,6925
23650496,10000
26369079,4000
23337372,819
11273317,3100
21306340,20000
4749093,20000
22989889,3900
123299,10853
26254266,10000
7079431,760
106667,40000
28811843,377
22415882,1037
2583310,8350
23418307,1192
13178433,6321
18512331,2500
1946424,2500
1064311,6835
24236688,5100
2934529,1288
19002973,5000
2744979,7191
24106367,670
23038849,7616
21547407,1
10972178,5000
23964940,2500
18667871,772
1642238,20000
3467604,175
122738,10000
4052239,3791
8833756,5850
7027087,20000
7829656,5100
22019326,56000
5618249,15116
3585132,15000
20731333,3531
22423910,386
3007872,8280
21548385,278
1079552,24000
6421602,713
1608819,3395
5179655,12068
4001214,9577
1650692,3848
22541320,1000
7144030,13329
22118071,12469
5536383,2500
22781004,5100
3673714,407
19788777,5100
21464845,2500
629253,21000
1497552,1742
22860705,711
665266,2824
24061087,2000
17452453,2188
650942,14152
5732751,488
789846,1000
22223165,1127
4913697,3230
143271,309
3447455,5000
22101543,1620
2323162,493
15166721,83
18994228,237
16660251,30
698019,40000
8873823,12500
583263,25000
23964325,2234
4287383,24602
4751030,142
21623301,595
13902769,564
3048841,92
22401128,7800
9267060,5100
2452706,120000
24913148,60000
107107,40000
24115715,180
530640,6896
24122418,43
106040,10056
23249635,2000
24020980,989
522375,1709
22586301,7800
4342621,38275
8715563,20000
4159469,20000
3893668,20000
19036113,5000
2451812,1936
23753440,2000
6138625,20423
26838778,2423
129247,11055
26261391,10000
9321327,20000
164103,73510
2456996,1000
23349527,200
4486614,9213
7355511,7060
24064151,1216
15515841,406
23826878,561
1876437,40000
25561253,16958
2039446,40000
9201223,5000
23190710,30000
14320945,388
11901441,597
14749984,4702
9497061,11504
21862728,734
2453001,10000
18493154,220
3307835,40000
26264843,4000
6538181,5000
23283070,7650
1062364,20000
22479223,3900
24215629,500
117953,30000
16641699,351
14095635,3900
22302180,2914
4676964,10000
12190267,558
13318058,3493
125543,13879
123805,58
23908345,1739
22972365,14
3608950,30000
21758528,10200
23721529,487
521948,78
23814382,10000
21812001,1454
7843254,2440
24055393,10000
24282161,599
17066478,60000
22360735,644
7483701,610
23644196,782
22528520,10000
8481340,5000
23749672,437
26135959,7500
23544993,4000
18435241,1101
26717692,704
24266785,49800
7202966,4000
24381648,26
22970108,1733
11788683,5000
7977858,40000
1844716,30000
11274203,18361
13507539,132
1859181,1711
11966712,26869
21214755,7500
6175760,22799
3908509,22459
2462572,2522
22468103,5000
119218,40000
3241056,348
3150747,1112
120428,40000
21188771,6171
22493709,487
3230139,84
24221543,1409
263255,60000
3573056,5298
23870260,95
2457960,47
5661744,5000
10689552,60000
22803620,100
117150,31000
10186272,5000
22144740,3900
6294457,5000
8684563,20000
5802257,1665
3030488,2391
23304493,2500
13948150,373
22525174,713
115192,10000
3780439,7429
2036403,70
23801234,238
22907068,2660
3685434,1456
9666710,2340
24271381,1884
124432,95000
6330063,2075
22461755,6351
22510096,27
9376941,7
10077099,19782
22655205,992
3785659,20000
26297349,2500
20534662,132
22618078,1000
6306000,10000
22946998,1421
1497330,833
18652246,2809
23843056,1787
2746347,270
2588657,4481
16869962,5000
20529984,1254
7142374,907
23963364,3174
23367815,2742
3816123,70000
3490461,326
2451782,674
3130492,20000
520221,25000
22068104,900
2464339,32753
2395467,56
23720533,1900
11948323,471
3908343,12000
4316086,5000
19500487,10000
15464487,5000
22459061,455
22380305,7500
2090035,10000
22236735,4000
520569,633
21990296,3609
21910000,4000
22301325,76
24068173,220
24055454,10000
12208457,2422
523530,27373
11809183,5000
11707431,8000
22378756,10000
223066,9087
21536170,1247
8750141,2679
26330657,4013
527614,66667
780376,10504
100683,40000
6165969,20000
669787,26699
18935116,1000
5799766,20000
28673078,298
6229906,9506
26264299,4000
24070291,2000
24115919,4176
26835376,1258
1063800,8362
5789932,28
2614581,724
23162424,2618
2083029,238
193599,20000
23808110,153
21679087,2500
20590095,20000
22499471,248
13032948,5000
5008898,30000
23594325,2882
4447243,399
22451866,5000
7512232,1111
103367,20000
22860834,1368
893022,20000
124828,50000
24807549,10000
27707031,2500
21910562,1091
19863893,757
1061853,20000
22528937,185
26504030,1054
105622,1279
2507029,29946
2345666,20000
23980223,2000
15382627,831
22618929,2202
906480,20000
5401728,1000
23208870,234
23012981,14
22089566,8000
18533487,495
26603606,2500
21694055,56
10220612,651
23729668,5410
8966870,44
2451192,40000
26352621,4000
8718726,20000
2358325,40000
23738530,12000
13890435,1000
112574,245
5336587,5000
2458026,50000
23974804,1253
23227685,8000
18726304,10200
8268595,322
833402,40000
23870564,205
27476516,4684
25100499,70000
20409752,10000
13478628,13054
22699575,178
108163,15000
6304446,13650
2455261,20000
24029469,510
23631280,5
25035493,80000
20123122,290
18527918,5850
27464406,5
3318371,5000
1882472,20000
22584911,678
22827984,2089
4644057,10264
22234361,2000
2453592,20000
131789,3683
128892,12200
2463331,4093
2012632,1181
22978630,734
3720631,9554
26377910,1216
119735,47500
23586421,32000
2104331,40000
1986885,70047
19306688,3394
7035257,3439
19572009,2699
226877,50
8603887,7500
22282446,861
9586008,10000
23947286,20000
634361,10000
6150554,20000
2337570,40000
2625152,40000
18291591,40000
22812430,176
16517512,7500
21601233,10000
13896605,35917
20912644,5000
6819882,2308
23615210,60
117040,30000
17082492,5000
13210559,3690
28510995,184
26052055,953
2393728,385
22966486,2000
142760,3490
531645,20000
1161661,8000
22595074,90
26210450,5000
6276733,146
4636577,1640
22679178,810
23031979,3614
1309822,135
7688644,1000
11994387,15000
19201719,10000
170944,1672
23123321,10000
2066132,8210
4254293,20000
19793129,15000
22671119,86
23507163,8000
23193512,5100
27557761,2500
119493,40000
27227604,10000
10403352,1132
130559,647
25564955,2610
17084330,235
22491332,5000
17497542,13
14039438,11751
22113820,3397
8026015,5850
1649871,20000
21569413,2541
170498,80000
3982789,16692
13228519,3106
28523505,2094
25696565,2500
9732851,158
23878260,315
21560214,518
22574878,4000
22504673,2312
2454231,1541
12555348,10000
4543973,40000
12503287,2500
26500376,3953
3079809,2322
117370,40000
2454025,114456
19035279,4608
2102665,40000
23551769,110
4870782,29
130641,29342
24051944,539
2381500,1697
21555970,10000
16619082,10000
1331390,33690
28348198,36000
3581658,1000
15354766,2864
23627995,11
18502258,16724
12162544,1311
6305204,1891
23159995,5000
22234690,1628
11939510,40000
26280212,5000
26178157,1522
101695,34184
3608984,30000
8965205,152
7289538,32718
24907813,40000
23344796,2000
18055517,271
23185767,2019
2531731,446
19447836,1842
20104508,2500
6607807,419
7599217,1174
22671298,220
977290,2740
6709326,784
5534391,34
7111955,1201
1063511,40000
15116889,1379
6117638,786
22614816,1997
28057091,4000
5661827,2396
26064105,5000
23887228,7399
20205931,270
3760402,2746
21864999,3504
24143137,1132
2377056,7800
23910680,3900
6538450,1482
22458064,69
2564616,20000
3967332,25
26302821,2233
2394304,13346
23883911,4000
2599993,31266
21299922,492
10795443,155
7573295,9499
23872742,232
5911263,20000
7847438,24424
23768154,304
3908483,13023
4959151,3900
124476,23751
121286,12927
17100830,10000
7290956,1000
736157,20000
8965461,2500
22670650,5000
21544305,7875
3532348,10000
23267867,5100
4321657,39859
16062453,1366
27012102,209
20695930,318
102784,11028
2452524,20000
27140902,895
21870449,1280
22168185,862
23674432,2895
20092045,20000
21604676,212
24395583,7000
17334346,5000
426577,722
23390234,39
21871434,1333
26256866,5000
105138,70000
9419440,571
19094812,300
25753575,10000
13345620,149
2394532,249
8953697,7800
2450812,20000
2458398,1654
3995517,224
23975121,453
4599894,12446
24913016,60000
1062570,40000
23264549,10000
26255489,7500
18101984,10000
23760186,5000
11906579,1543
3634451,8660
23338858,317
2395475,50000
5433380,68
7094409,276
1501797,51566
19842076,1195
15451374,5100
881685,2810
2054011,13814
12412858,20000
106788,20698
426888,4265
1480390,13898
22776946,529
7795292,728
1327728,5000
21567166,1039
3367987,59
23686831,3041
18647315,2623
9873516,10000
21680211,2928
7376248,949
23521327,3280
12236339,728
1359772,6526
23634754,87
23602769,1634
20825091,165
21542498,5000
24110259,1270
26848329,97
24023546,4000
146738,1000
23331145,366
23057025,536
6004085,8000
2647197,260
5991861,1000
118239,40000
2768281,1572
7978365,2567
1061838,20000
3908194,970
130724,62276
3312981,2408
4891903,15417
123739,40000
11861762,1000
25655175,5000
23157782,3935
127677,2295
235011,2857
22473970,207
26376777,220
22524914,1842
22489022,2174
8323834,3824
524603,2500
3031115,5655
24024981,10200
22090075,5174
22276848,4000
24027997,253
100573,40000
22462383,90
26940872,2748
3321273,10266
23887433,7800
2760142,27500
19243135,240
15243237,563
1292052,6869
24257505,1620
23715313,541
22314786,5000
12492727,507
24304707,33
11781760,5649
103202,10000
23642149,76
8333675,1868
23540228,10000
23669853,872
20202726,5000
2394320,20000
187144,61
11798941,40000
4269840,2500
115896,13148
23341308,4280
23959365,4000
23710253,5500
5052795,317
3779295,14089
2457242,2983
6140352,24
22590117,3900
17442278,1000
13508026,3900
19922363,17354
23449779,1728
20072511,7500
10518535,5000
26951152,11052
21586940,4649
1064802,5000
23385362,7500
26227293,5000
24188850,2000
8068869,49
108372,30000
102597,36008
104236,17251
15529812,2026
11850249,1327
115852,40000
24837478,40000
6594952,747
976265,9286
1742893,81
2249789,16969
26262997,4000
22459764,4427
21641792,40000
7270247,2646
114389,40000
7849741,5000
1982854,80000
18176402,1125
18401902,825
16182055,3411
23905011,6
2454454,10000
6266123,662
22477715,1900
23407348,7471
2464230,25000
12547949,485
433266,6585
9107294,1000
27590131,2219
23724456,833
2457879,10007
21971629,557
2744441,14084
10914955,5567
22564311,1129
25075558,40000
20660381,66260
23700607,34225
2531222,26
3256107,16638
3941039,1503
10873092,10000
23546012,51
22239100,509
24227918,8360
2739862,20000
24032844,5000
15871788,11000
23710418,870
2053835,2996
22433056,10200
10711244,6129
2450940,6637
5730694,20000
130781,15000
2465625,11583
23884671,1147
22274145,2500
22386497,40
2667022,1304
2590862,79
195055,4750
23976996,2924
21062009,20000
28824748,1569
23972892,1560
15798330,620
11952053,10013
23865539,2472
2520466,1739
2395616,30000
26145394,399
2464818,1903
22701221,110
3792291,40000
22335270,2500
274955,1507
3827098,42120
23455566,120
2549755,835
124740,20000
5783749,19327
10784843,20000
22813774,26
22317867,4000
3629683,9390
2452458,712
23961796,9000
16844129,120
19846393,72000
24061889,2000
13924361,5000
22998866,5000
10077702,20000
25186200,10000
13554917,60000
2019315,20000
248911,30000
11680636,2210
18535806,20875
9959526,20
9201173,6131
16945147,375
22472345,1190
108240,59135
23740787,8000
28021238,318
22748986,7800
22990945,552
23795402,2489
23953457,1373
13300712,3880
21741151,5000
21994934,126
7897317,1553
10507023,8000
19086111,491
3597099,15068
23511584,10000
126544,20000
23355402,4931
21675092,2500
22797774,5850
18535131,10000
24389496,5100
19397885,5100
21980620,25167
25085313,20000
21475194,2000
1170340,50000
23007422,1440
12675942,33
22460769,2119
22499834,9750
5803275,72
26252593,120
19888648,124
3616722,20000
23682572,2119
11964310,1185
23062658,15600
2020735,1593
22235701,406
19398257,2442
23510550,2332
2052034,5100
23089824,2033
3588248,5091
110143,1643
26264989,496
22413019,123
11790717,62
7307986,7990
8131438,260
22817545,1821
23065424,89
266122,1312
24249207,2500
822754,10000
4635409,551
4710703,20000
21907223,2754
128660,10000
2396054,15589
23740448,37115
2466508,40000
5316201,1420
2081224,61662
5356250,7235
22529066,327
26281708,2500
26481391,595
2837146,2500
24376615,690
24177750,48848
10678873,20000
23957680,4292
1537601,20000
3887911,20000
18647871,2728
23803502,7500
24281023,239
11273353,20000
10125093,233
5503937,4482
22532268,310
18368894,6
22308536,14823
16904568,1712
106711,23177
24030567,8000
28173245,147
24572398,20000
10108503,29287
6618586,10326
734822,25000
7563017,1000
6676199,80
1063743,1083
28825000,3096
11849866,2157
28108699,145
23154788,1968
3908111,13706
16411279,70000
22577317,976
23983484,4000
26168367,2500
23673121,1412
23879716,104
21909510,2419
24869461,3176
21537811,2500
24087880,1368
24009205,104
22950836,1311
21558077,206
982537,10000
13543108,947
111573,2181
16548458,3864
23815446,3368
290655,4086
21464854,1491
129643,10000
9475406,20000
123068,954
23504007,10200
22248323,1000
6149062,13300
9155697,811
22468541,5000
3712059,11812
21467551,34
22549589,1000
8688122,20000
17160435,13638
16396892,19
4109754,2500
20567648,469
1183078,8000
110242,2918
22530766,5660
1881102,105
121000,110577
23982145,91
128271,28201
24007123,2100
12028865,7500
23707463,27270
22470808,5000
2394049,2345
23639551,2500
171116,45000
24106343,459
18109220,5000
23075837,4000
3652024,35737
19938932,7598
2569129,25000
8193748,2045
9622270,30000
23976758,869
4493633,20000
4747629,2500
2530477,34309
6054583,40000
26252866,9634
23390118,1087
23995802,10000
23435185,253
26272509,10000
3982223,40000
23293836,1579
4692849,20000
23744794,8000
22520936,5000
521039,10757
2464529,82990
3418260,10722
23101156,7650
24573260,20000
5732806,40000
18550483,2680
16683612,8000
118525,40000
20177031,12500
23854136,421
23937269,804
14675365,80000
1062216,18922
103763,35000
2821302,110
526954,20000
24065152,10120
18249229,52798
21851070,1500
10327260,116
17772923,762
111628,6626
12484234,5488
22690886,5000
22667096,642
9200052,1000
16332743,94097
3168559,1000
2462341,40000
3375220,40000
289799,720
24032424,10000
113476,13857
13055619,5160
104016,551
4083657,3159
11685338,8058
5734612,60000
23537560,50
6244653,133
24690379,20000
22548735,2500
4216850,5000
26695081,1163
21404787,80000
22067838,20400
6439617,7800
1985861,35463
22831640,1000
12168519,2500
21858404,2008
179799,20000
9612263,1214
15213111,580
21907579,898
2020800,444
3235936,50000
24206186,32
26340292,42
21897236,5000
26262598,10000
26270796,5000
21613770,10000
2451369,4466
104335,30000
17065549,40000
21606500,839
102542,62712
24241560,5100
22487673,279
13296402,941
1348038,30000
2455055,20000
14876232,18145
25301626,500
3639173,12000
26293406,1616
20926248,3608
4912201,335
19259450,20000
8740498,18780
23610448,1364
23518839,11
22459428,2
23536175,12000
22031493,216
23263919,633
2462614,30000
12021287,50
4879344,6119
21174610,60000
11728717,10000
26623239,3228
22466367,1000
23027402,5096
1486990,11495
13944581,1444
24064064,1066
21727673,456
21603714,272
24231936,1332
4922526,20000
22489265,10000
23044233,2560
21910792,4000
21848389,2500
119768,80000
120527,40000
523720,5140
2394668,15289
101772,22274
4047289,12000
22460063,156
13857287,20000
11875478,1000
21663380,3900
14688739,59
24807020,20000
2463992,7568
10100066,715
23504276,371
678454,20000
128205,10000
23996473,1441
2102475,12524
1229167,20000
21558156,2500
22124259,3900
102410,4127
20742916,5651
12320614,700
1859553,10916
2030336,5178
123200,994
4668166,557
7446326,251
518922,10459
2604328,17907
18688167,3149
24388816,1500
22482460,2091
21101349,80000
3883579,2675
21654099,2316
17393639,2098
25304646,20000
26052679,1203
24028404,32
4043809,4248
103279,220000
14738408,1500
3099933,100000
24232973,5402
26392913,162060
9400032,5187
1045310,1124
121220,228814
24215523,9000
19831592,5000
7547871,758
14829216,20000
24042343,4516
24240242,25500
26249798,5000
16897751,1933
2395301,10000
24058671,16
22457505,57
113575,20000
25803041,2156
2462838,20000
28430747,26
2396065,164
16559905,3697
1908575,18519
24180320,689
26630599,1023
23897134,8000
19059894,40
25756627,3023
22547361,1800
16629230,466
7558387,2048
14031112,30000
26254855,5000
117689,40000
21509462,8500
3373426,7500
28741471,2313
113157,80000
5946700,191
3256149,44776
23435830,5000
2453282,20000
2460592,5421
127622,50000
9405449,479
17153252,14864
22598091,1402
18724522,10000
24046663,5139
21620503,5000
2184838,50000
4257295,10000
22854830,1000
3257147,2273
12997754,5000
23688143,12
22959427,5000
102377,40000
12223082,10000
6580726,10000
1885920,933
23846879,4000
14341709,10000
14726860,30000
25878615,1385
8762991,797
11963376,8000
26251501,10000
22785138,1074
564251,32010
22159903,1000
11805023,3529
642035,12571
4848124,10000
22531212,1967
3243451,49252
22811119,2440
101453,30000
24037513,1197
12787601,5000
20697452,490
5532861,2500
293888,4572
21549291,5850
8777367,120
14422141,5000
11460345,4938
23522007,3900
6747653,2500
6752832,2500
1242966,12952
9413659,3174
23361300,556
2773317,18
11074751,289
22241635,2500
125840,5224
739682,3120
16585227,1087
2054176,320
696601,37340
23965753,12000
3256131,9582
2743070,40000
12146725,40000
23935496,18503
887950,24694
12599522,14208
23506730,3325
23868677,161
25055361,40000
26297312,12000
5999784,41616
28491034,11052
140988,76
18272934,40000
4797791,3900
21966307,1000
2386151,2050
23643470,685
21654571,36
126610,20000
22962059,38
2459784,4403
23983357,62
100133,10134
23647410,2967
22978096,46
10485409,4868
1848368,400
10019940,20000
23887024,9750
15674400,60
21575638,467
22308338,1000
23322548,5000
21917367,759
28225830,2500
146720,60000
125631,10000
9656763,1049
18506240,409
23548499,20000
26923698,2485
20807627,7008
11787442,3459
21553499,566
16439653,1153
24019642,90
13256174,12
24062734,257
18595411,5000
4787622,41000
11798771,40000
1350603,6435
22934660,9966
17602342,357
3535393,1000
6010249,20000
7810286,224
9513275,245
2530634,10111
19481680,5000
24084313,86
26429010,2092
575217,468
23394971,7228
24092287,2540
1369272,16476
9969170,5745
25610212,4216
12690546,5000
4604834,20000
15430102,120
18690989,1000
22847130,9750
13218683,880
19006278,3900
2650579,1099
26325915,2500
3101591,80000
8127639,31
24092737,4000
1856092,27952
122793,15000
23344980,4473
1846124,9360
3244178,60000
23749051,2926
17587759,3383
735407,155
17447052,36
7012652,7393
5978809,41000
25037168,10000
21342902,10000
24178358,87
24293874,5589
28735509,31
23762501,8000
22825726,2745
436955,1901
22902988,8
22181285,10661
26339992,239
23745846,9909
2599382,30000
170720,20000
3630251,1480
24028803,10000
522912,13740
26808692,2461
4649723,11829
4642735,3196
2529792,40000
123156,755
832251,10000
1063826,360
7387453,8000
3127720,31944
15310698,30000
3320713,16343
6469213,2500
23750165,581
22011996,2973
23170450,4360
8574046,24
27808566,4322
8463653,449
6461122,2893
19879536,890
18793348,4000
22960560,5000
26729683,1143
22549570,2003
21892825,2994
307700,40000
23726449,5000
106304,40000
24896889,50000
7735720,5212
14317103,5000
27500174,4850
22869035,123
20745048,64
17174761,1111
21714957,2500
23661280,236
23973739,34
21793210,10200
126225,40000
25065040,40000
944538,10000
23325341,10000
4363149,1932
2463505,2295
2530279,55000
26275251,5000
21548140,1000
4259291,906
22532548,2907
26504812,612
117931,30000
5844969,9993
855591,20000
5342979,898
2454991,1158
2039107,40000
17849001,2204
219122,20000
3909598,30000
12157331,243
24270023,60
21552433,1433
3078582,5000
127215,40000
17767589,5000
18848808,40000
2623062,4982
10271902,800
15396442,136
12285126,58
12076254,187
27118291,1952
4487906,40000
21835743,4288
148635,252
23867300,590
3716156,7800
124883,3791
23825261,9532
2458505,10000
111419,80000
14707882,1181
28641363,5000
9569699,5262
27399571,1963
23806008,406
104841,6620
16258678,4108
5527759,11266
24132735,10000
23544032,3900
24157925,9454
24144917,87
9132801,6137
100716,10000
5670595,1748
8143700,2500
22656443,2073
23102525,13
10931395,9750
9417642,747
26257259,5000
20452772,318
14465187,1702
23822623,2680
27429758,1496
12866045,5100
18756874,12367
23865101,55
22934518,108
565098,218
22530327,1516
21997835,5000
10514147,46
23879021,445
1006888,10000
23964292,4808
524025,50000
15991729,9979
22836638,124
26478664,853
710463,62905
8809467,5918
21650718,151
26051357,12500
26965795,150
21660155,10000
9312343,777
14982684,62
20086007,1028
22753397,5000
6147715,80000
5325895,790
22608722,578
24906923,40000
23389859,2432
20518970,3481
430044,11203
23127890,2000
27155686,1053
28198409,274
22256660,11616
22425491,20000
5455500,2500
21913165,482
110319,4643
26698479,1684
1881243,20000
13168579,1511
22521329,5613
6089846,2291
6340584,20000
112090,84
22600275,4000
25480590,100
523191,20000
22518459,194
21551378,179
19107967,50585
1881029,25000
774207,2382
12474753,1000
1568407,4000
1649707,80000
9315038,2500
4095194,961
6692764,1383
3488973,10000
5055293,4916
112189,119978
26280293,5000
2038778,1000
22871539,250
27438181,2500
3168187,3083
11719681,100
23982889,10000
17524467,22
23974029,2500
4438614,332
2456707,20000
25085433,40000
995837,274
14820086,258
2463083,2
105105,94
23597063,4241
2760462,5728
1495955,66
18028737,32676
1694757,20000
2530139,1500
3909275,3860
143461,110
995243,10000
23963503,6000
3772651,5700
19959584,10000
13341834,19435
25683854,8000
22823517,10200
21328608,3900
5809113,187
2395624,20000
22268979,4000
112497,11289
120274,3
892967,898
23973539,587
9204475,131
3132274,97
5649268,20000
21729515,5000
28325337,800
2054132,4
22517934,424
22424731,1000
14428680,164
23414927,6000
165258,19470
112541,14407
1882233,4826
2451823,5578
16024798,332
7945246,5850
24386179,17
6136701,1478
25217600,5000
18182001,40000
22793880,1000
11789685,2000
22908851,28
17071806,40000
24087696,2000
23304485,2500
103235,40000
6458187,8000
26462239,5000
2393694,60000
23645342,3145
122815,43
22318665,41177
10110959,1000
23325713,244
698987,17635
23985580,456
156521,16231
20517722,20000
22281556,1115
22742522,1475
7105884,2106
7673200,436
27098974,2500
15002568,20000
341855,225
2465992,35973
4537516,671
6300660,20000
21656804,37600
14508401,10000
3126637,706
2526871,40000
22524228,1416
101552,499
14304332,525
13988510,945
3588570,1000
1243801,26086
24087554,386
983109,487
21232425,5000
142505,30000
22039225,1222
6270398,2031
22945515,453
4872278,410
1825275,869
112959,795
20734511,1682
19500127,3481
11799296,93444
129452,20000
13299395,40000
158683,30000
23754435,8000
23974779,2500
1943951,11903
1978800,5000
4634651,1316
9179843,25000
22727978,194
2737781,9187
5031807,131
21908706,35480
23387648,6491
164947,40000
805258,871
23026509,2921
27607139,75
520023,120000
23277052,5100
23870545,924
13778068,50879
22838735,2500
4779257,483
1879121,19569
12004724,2378
14081080,109
24907004,40000
1870398,1592
2814382,62
521229,5677
19846091,495
3056991,20000
22659327,4000
23936006,3900
4896802,10000
18603482,2500
23081220,29275
12467785,2796
2380634,10000
28204479,540
7286268,541
24089864,398
16397326,6
22697683,632
13500970,145
1062562,1042
18658716,1237
4440055,50000
4041075,3128
22091025,281
23953645,762
20039038,10000
1241802,30525
22947933,927
22760111,5850
1349413,1352
23838859,2287
23972589,2500
12117378,8000
24007219,10000
21846146,27
161224,25000
26812044,3974
28661416,18539
17314294,124
22548541,75
26984779,652
2624080,4252
14454082,12767
21690324,110
4841999,20000
2694538,30000
22601005,1000
2452292,40000
23118155,228
2458018,5000
9090159,15000
18640899,13613
11685294,1762
2394437,20000
25460311,39000
23219575,2277
2461020,11575
102938,63
21004981,481
22457028,7500
11872906,4261
26296981,3371
21859515,1300
6319785,26603
13940736,5000
6212175,2403
2459922,10000
117832,12581
19220412,10000
15453372,801
2531335,40000
120329,40000
723580,80000
3720645,40000
7363666,5306
1324137,13130
24087462,29612
23047680,724
103125,40000
17709514,761
126863,40000
17707110,2500
26653467,17612
2463638,218
799035,8091
3693148,1406
106678,40000
9324756,10000
7781624,577
22973594,5000
22480777,12500
6450373,3261
23020979,99
16171731,464
14205155,6074
22615638,901
2463012,10000
26383883,332
101992,40000
121253,17243
28002373,1004
21924663,1674
11778043,10000
19742346,326
22482172,2550
360844,12086
2452086,27010
576074,2928
119196,60000
7336482,5000
107811,40000
1736326,1253
18658121,1000
24036865,344
24026084,8000
23907391,874
21391948,20000
114906,30000
3715612,2587
5846212,975
892714,324
22273871,4000
21026422,152258
21983037,5000
15252595,62
125455,40000
3089091,191
3081998,488
8166859,218
128183,10000
22878609,5000
2724380,1455
2019844,1692
23321184,5164
23230500,2824
6789856,3000
9264289,2703
27113595,4000
4877253,2641
130658,300
12541779,4101
736009,30000
20509380,41450
12023501,20000
6282873,955
14226646,2500
2459743,80000
524488,2500
23341441,17560
7566747,20000
5215650,1142
2455477,43282
4493832,5870
123970,19790
17772605,2500
28495265,5000
2581660,10000
21322319,2500
24878734,40000
2754325,4220
2026652,2306
1320682,3736
23871468,1174
2015836,1215
12289704,30000
19695499,21
5994731,13960
12342020,991
143107,40000
20072939,2065
9965509,61
19844180,1399
22806293,3311
22773428,1000
23623426,215
23657948,259
18366825,2424
21259118,3900
23000198,2500
12214577,6031
524785,1784
116798,2012
6164156,1000
6246510,5100
2462853,2561
123662,90000
9708081,3313
21649218,10000
27540337,238
10934336,3566
19286620,4000
23021592,1209
25718334,83
1062281,142
11336165,7242
22486949,320
22534333,1066
23975207,534
23881150,760
19865733,10000
26292831,5000
1405381,465
22472989,3410
161216,6700
103488,4000
20866667,606
23177067,275
1845717,8477
9402594,10000
110044,52355
2057505,20000
12157892,10000
13380123,76
576959,7800
26499299,2580
28636076,1980
3505541,10771
14130256,3928
18546667,18426
26216981,2796
7273369,33058
524983,5000
7634028,1913
23907469,5800
21904833,4000
240733,20000
21906142,4000
887778,50000
19791861,1302
4648411,11000
8184089,2728
20436500,2500
23305861,1913
27486728,1483
248988,7091
23750532,4778
21226317,10000
23954394,3000
3908491,46953
113146,1785
13220715,235
22435732,2274
22732963,5000
8807867,2779
9861469,5000
23522480,8
26808414,2500
123915,20000
22852279,4514
24850898,40000
17101617,651
12430229,340
113542,4085
14300574,1000
1652206,20000
519868,7149
7131571,373
4859165,16210
6649814,292
21662674,883
23768639,81
24106744,1307
5733693,379
11909868,1000
11148110,647
22564708,691
25012848,40000
164970,40000
8131581,3414
4563401,7800
21557959,2500
2464084,19086
20426028,297
14860992,550
26245178,6004
11963885,1000
2751761,1950
6621799,10000
103092,854
107514,2070
5803625,297
111540,2377
170506,40000
527325,40000
101739,20000
2459592,13279
161331,90
23724317,2044
5660007,9303
12647917,20000
14952838,34849
18928332,1000
23089973,4000
23158313,1490
911602,25000
3307827,70000
4841890,3829
3101866,266
11972141,3289
27091442,1886
111870,13079
15542072,530
23767254,8000
22681763,1120
14637186,40000
11393314,3000
5746214,36690
26431117,4110
21847586,207
117942,25484
23964757,1612
27740737,2500
6125407,909
18501719,4680
12988570,8000
22841765,484
6332178,13964
26175884,12500
5701058,1184
23961486,790
8686283,24000
6484576,5815
21575532,234
22942104,403
17860803,9752
11897186,1054
13850291,3500
8651091,4978
6178285,30000
13328095,2000
23907332,1018
102718,20000
22799977,31200
26162412,112
8656755,40000
2532852,50000
25834243,5000
14128386,2451
19417816,2500
4644773,20000
6122944,63
13343289,20000
23064745,5679
3127738,10000
26164618,5000
7615404,678
2465757,70000
5449672,366
7337438,15074
12012150,45000
119966,70000
2767731,10897
4225174,5000
6843607,80000
5899164,10000
566030,1458
115632,30000
24252862,5152
9390930,46877
21871213,7800
522433,92
7900757,5640
18631269,10000
629915,3900
23982564,407
9312611,10980
121264,20000
170589,312
2461889,1000
8657815,1291
25128891,20000
19481128,5000
126841,40000
13633340,1202
3248035,7800
3283545,5000
2451402,16615
2761619,1112
21853109,761
18730021,6107
9417766,24401
4126466,42299
12458772,200
112387,20000
25229048,5000
5888287,265
179766,10000
2569061,25000
26472337,345
1798845,7800
23870381,161
23916451,7800
22655990,162
4907966,50
7257151,359
1062166,70000
111650,20000
8313356,21559
23508129,3625
16520875,11764
22173774,70
3587877,2500
6264861,70000
2737902,40000
5755447,1852
22356428,8000
18673845,13267
4059437,5011
7573923,30000
26727514,2049
113487,20000
17407436,2500
12196390,1648
20818216,1056
12084885,40000
16265355,21
3320945,20000
2103465,1120
22520764,10
26340236,4000
911123,17664
22494269,752
103642,37094
537266,50000
25010868,253
4809489,11391
16231755,20000
105732,20000
7738999,7500
23264974,5211
9429485,5000
21921485,121
9220996,20000
24128533,147
11561513,2500
5661561,3288
1522740,2667
18627222,176
11687639,244
3515779,20000
3384152,25000
7381927,671
25010504,20000
16817781,1631
2840534,2161
24072945,1948
16785583,110
26255553,5000
17948100,33
26841491,300
23337356,438
22252956,13287
6055329,337
22789120,5100
23857041,1113
739771,970
111034,7157
10257834,73
18303310,40000
17721787,4000
23533747,10000
22762459,2340
735332,10000
20455121,184
23739752,191
551581,18570
22410135,686
18717188,3614
1553409,67
19962154,1239
103224,20000
4250296,4493
21745196,9363
5839860,20000
9396171,5000
6345188,358
24813854,40000
26727027,832
6137863,7393
19344680,9750
22555584,788
23962988,440
118283,30000
22520780,668
1987230,21701
117568,62500
20842590,2506
21744080,92
18738153,220
23636584,4000
2250217,10456
22468306,741
7285862,13780
21869660,5000
13519306,20000
22682120,7500
14143303,4000
18914086,12000
16047548,7671
10370346,50000
7572184,150
1881482,6424
523365,45000
1909093,56474
4126915,4908
21575495,72
19093950,24
23285916,2500
2019752,52783
6146011,120000
12808878,281
28107382,2133
5054136,83011
2380790,45000
137240,16063
26046718,1746
6107263,8758
7735092,4000
398955,20000
26140145,5075
2452888,2676
2455949,82
6178335,40000
23518174,1576
26298187,2746
16247547,10423
10277653,5122
27949732,1385
2458935,40000
23631602,5
4633263,20000
12615942,1004
3256123,344
22464474,10000
111749,25000
3030422,6015
24806985,30000
22471512,7800
21026203,40000
23262503,10678
106942,59359
8053801,17
23058121,10000
114224,20000
13001046,19732
24539215,10000
17477814,126
23386547,9474
17248211,42769
2456103,5000
7557223,18068
229022,419
6143362,47500
20591669,40000
2459792,40000
2452490,16397
23757191,18
3357798,40000
7131586,144
21972081,5800
22508297,1692
18538995,7400
519892,20000
183944,9695
5641376,1013
23364708,2500
22232538,767
23980142,2000
8876446,346
24691920,20000
21414847,40000
23647533,2216
20369784,401
24059131,1003
9388692,179
577114,802
104709,80000
2611382,423
9424394,12000
829686,40000
14842395,153
16270645,3357
3308493,1
6471413,5000
23019039,168
3654205,2500
1063404,10608
19479994,2957
973878,7800
20232367,5000
22641535,2356
4643577,8210
11842104,40000
26184189,5000
26978651,1343
23226183,56262
21906339,164
10928736,3449
1388980,456
6459107,40000
27465930,1766
26242100,5000
5407745,39538
5199679,10000
8795476,11000
22205226,1120
26113717,5000
20693077,20000
1847400,5410
1355016,8080
3776259,240
120901,20921
4053053,60
14514239,8500
11312272,5000
23353107,454
24874452,40000
22802958,10000
7719229,473
22978372,10000
20589781,798
23160309,1578
21200617,5000
22453598,4000
28000107,2500
19725082,3969
2462234,23520
1167084,14780
19692476,276
5436241,20000
2753046,385
1062125,40000
23175959,4542
21516112,1000
4001321,40000
24253521,270
6318043,704
124784,20000
28543832,2500
6962197,684
11195172,1000
6038619,17506
2530915,12306
25429409,5000
2334632,40000
26171785,5000
6212092,20000
24096508,1590
126588,483
3356840,40000
10091669,243
23218802,529
27356750,228
27446518,2977
3055293,5755
122298,30000
2739789,10243
23379703,1358
26274933,2500
19814830,5000
1445190,20000
22861143,1020
14586062,10000
24037572,1568
109813,40000
23176545,983
522383,30000
21952734,1900
22595990,20400
13512274,10000
10619163,2504
26399497,2451
11324681,30000
17504491,2500
22708880,620
26700658,2904
11963133,1000
22476352,234
7907527,10324
1344884,21044
2510104,9426
1534906,70000
13298178,288
22464892,499
23393971,297
17101246,1606
8262637,32000
22785036,5000
17841379,5100
18676222,5000
20174667,3080
13262757,15
9551944,14153
24127073,714
24224876,582
10033555,34488
27019450,2182
15866394,20000
4872812,865
3907873,19750
12911106,151
108955,40000
8214957,2918
26320569,16705
10245530,231
20228130,1394
24032407,10000
6928116,7500
13991652,371
2352887,1000
26170042,5000
520577,71
3289276,10000
20416901,1484
22518950,4294
2400276,2947
23963185,3000
105479,2286
5327104,1287
121187,50000
18731303,162
126951,20000
2394601,23987
22747819,5100
16224892,1485
22847300,1000
23964862,528
120857,30000
28245489,1562
28002558,4532
10430542,192
23297521,387
134858,20000
16420438,2252
5315986,1000
22662291,5100
27105830,100
145698,20000
12963193,80000
19957479,1883
12923221,2500
9280845,10000
2451021,665
12500405,76
22779712,10200
21711526,579
22984771,4653
2394395,9412
1651505,10000
20665117,87
14751971,351
4047032,9094
14607059,4669
8931413,2533
21905616,4000
4454187,30000
4259473,6772
102850,17677
19024632,25000
23817673,4000
25857259,2867
2039040,9
14077739,7
25227905,40000
5670913,2427
3446058,2500
15899989,10970
3806460,1148
6924464,2222
4178673,18300
124234,60000
24916176,30000
18127114,426
23025248,2500
3256727,65000
24179652,1380
1809922,4369
20532848,40000
6939790,2766
22793058,72000
1147686,11120
2465658,40000
22509661,372
23983629,649
23762097,1008
739797,44341
2458950,1918
3792432,20000
2306043,55000
869488,40000
4515668,5697
23966363,918
9892968,40000
3310352,14836
11161337,5000
23096654,53
12057319,5000
16619719,29
26469940,5000
6292238,1574
196933,265
145581,6783
24182421,2000
523332,40000
10530554,881
8608180,2679
26235361,1480
24940339,40000
21414987,20000
17291710,2500
16690191,8289
17712148,5789
13046479,15820
21914348,1046
1325638,60000
4504498,3430
2394643,302
642798,11302
13042275,20000
23944457,4000
23961677,4587
2590651,1950
15547705,5491
17299164,1783
26241497,2424
18348380,10419
22525160,207
22522933,1322
2039032,20000
3090202,5934
22704235,1162
3033040,425
6578443,10000
23354173,20
2461350,13415
13719368,7800
23867655,316
2585512,666
24572543,40000
22176882,243
1996,55000
24183654,1307
22811063,1091
1045229,60000
17099244,207
937980,1407
9395896,2481
676086,3639
14953419,5000
519751,69221
1929471,40000
738153,239
22851987,2377
16630569,1000
3051037,20000
17649607,10000
1391631,985
11671418,1243
4470431,5000
19771763,2372
21873865,10000
4904160,235
105787,44809
21543330,151
6997497,98
3049411,2942
21937338,5000
25101459,40000
2544657,198
23961549,266
116633,20000
22817957,1000
14530901,243
26820683,29915
22781666,1000
1062018,10000
3612846,70000
128595,20000
28068835,1824
3029157,5760
11046995,524
22528664,5000
160416,17342
19115850,162
209011,40
23197058,232
2149450,1500
4446941,70
9911148,2500
23907425,7800
2395384,25000
18347023,970
28677978,2500
23030962,91
6799278,315
3589051,24897
2459586,40000
14733923,6217
23973993,173
667414,3847
123376,40000
1548586,40000
14469454,5000
16778059,504
22370844,8000
20548989,2224
2462887,190
3636947,1373
23948865,3927
18599124,4280
19440124,527
1063388,14509
4311433,1226
4859041,1665
22106512,10200
457722,20000
26469846,2090
5972033,5000
24307354,7089
6085753,3126
16564303,418
14040802,125
16846406,99
5999457,20000
22684500,328
24156072,5101
19452776,601
15857164,1000
21610649,1384
3079303,7800
21176569,11694
5810804,304
18747041,44
26239501,5000
9525998,1068
837243,1000
1780842,5000
28141942,10000
24103698,870
1045385,32418
21444397,168
24249241,5000
2102905,8694
103796,10221
1502567,80000
22422904,1300
24247894,51
22656217,310
15345287,756
4436550,12104
6325320,20000
23768065,10000
894626,35615
24064169,6000
23953284,899
25248856,30000
4531878,466
24233444,400
2394288,273
16185250,21121
3534448,3926
15843647,30000
12371454,12642
1333180,20000
142653,3387
22458853,2903
17416874,10000
19493991,10000
6933333,12464
21539361,428
20455030,40000
23809357,3067
14767477,1147
22921145,1827
9427229,13462
7786723,4000
852172,7990
25005730,30000
3762474,152
23348659,7
24219976,1948
23871488,371
26422263,600
22359037,361
23748673,4459
1421056,7660
609274,1350
12476538,1000
26263311,8000
22811357,2174
25008871,80000
1686188,10
2451852,331
18558111,1615
3348553,10524
1585451,19725
1064220,21000
23530877,1
22472634,5000
23067485,1731
17065506,60000
520064,60000
21905985,2753
23700392,10000
5051009,1000
9197871,7177
23973182,60
882816,7500
8965584,2343
10624293,19346
23870701,66
2454066,20000
5830336,20000
4494125,20000
8641395,27
7529093,27500
3243998,10000
6907692,1211
23014549,41
24182256,1942
15855133,40000
23498940,2000
2033287,390
22610353,14430
12032654,3993
2354724,89
3368508,110
519918,14670
26253643,2500
4386069,2284
20578445,74
23893766,4000
14346746,1773
26052062,5000
10216606,20000
548735,20000
22519342,322
23750207,2836
4719609,2737
2463692,24149
23725031,99
28306604,2276
539334,25
6684185,1650
26234783,12000
23518324,1240
24408468,30
324488,1090
23994108,2618
21855870,769
22936930,120
21495710,98084
18948419,5000
16134338,2500
985408,21
5933059,20000
22459403,5000
26719978,984
15322079,23857
22266771,574
18662966,2500
21866973,4000
2529958,20000
26499537,2500
6827098,40000
2063098,69233
23506517,41
814316,40000
22564159,5100
24160797,3623
1113830,1950
163451,1214
22794003,1592
14782350,9750
22521692,5000
22587405,10
6309773,6520
26944877,122
28250349,465
2451740,2500
22824192,1000
3693259,109
7376411,4294
21893670,1000
8958372,2500
986190,1374
24232642,2785
3792374,40000
107910,1000
25309487,10000
26116851,5761
145797,825
7847196,5000
4858577,8505
22960556,776
28696380,2500
21943574,10000
3321976,20000
10686328,12341
12071660,15000
115401,47974
23519620,4339
9588348,4306
6780363,20000
4048016,5000
8873738,2500
5354241,506
4325599,9750
128029,231
3077727,20000
26237864,5000
119394,40000
804109,5957
14444652,374
145573,37860
3018520,6886
6272401,20000
21981639,1194
27587498,6164
1004045,22048
1123779,40000
5381674,20000
22275837,1117
3723304,10769
164343,40000
16397231,252
22786043,29090
25259126,400
10069693,613
23545659,1775
26107859,5000
892417,8139
521591,3799
21568378,4548
116336,150
23877063,1249
741694,208
23953869,3800
8334522,897
7834725,1013
1356276,46
17022965,1932
7793463,7664
20071844,855
22101204,3000
26941958,788
23913464,1407
16967550,133
24561840,30000
23394156,520
8505084,40000
10082606,18
21719047,746
26240655,5000
22902606,4166
25747485,10000
22891962,26521
113003,52500
21904673,60
22492162,10200
14330208,5000
23349067,5000
18028773,4197
21858690,62
100793,40000
16860626,30
145334,10220
22890482,46028
7375330,40000
20537048,16940
5329162,10000
6514422,320
18391115,1000
119834,54020
21542907,5000
13364547,62500
4613113,12866
18498134,28000
5071121,8000
22519087,588
23413528,401
2458760,1000
23798082,595
26266076,5862
28344475,4000
22529620,7354
4688250,17500
19851793,2500
11917050,293
9340489,734
26264190,4000
525832,1778
5952059,3458
23897613,8000
3473422,216
24237170,4124
8220913,10969
9889683,40000
21500032,2500
1292276,17492
7496778,40000
519629,75000
22818374,1535
11800783,5000
10933496,4000
118481,50000
7667739,2499
2057513,40000
4869714,20000
1292987,10527
19057911,5000
24036316,233
6547810,8000
2466458,14564
19735400,123
24940348,20000
285666,2510
26231101,2500
22459677,899
170993,40000
